{
  "hash": "d8220a2d",
  "configHash": "f9ff9046",
  "lockfileHash": "34793c0c",
  "browserHash": "83cccf72",
  "optimized": {
    "@angular/core": {
      "src": "../../../../../../node_modules/@angular/core/fesm2022/core.mjs",
      "file": "@angular_core.js",
      "fileHash": "e9769035",
      "needsInterop": false
    },
    "@angular/platform-browser": {
      "src": "../../../../../../node_modules/@angular/platform-browser/fesm2022/platform-browser.mjs",
      "file": "@angular_platform-browser.js",
      "fileHash": "4a02b746",
      "needsInterop": false
    },
    "@angular/router": {
      "src": "../../../../../../node_modules/@angular/router/fesm2022/router.mjs",
      "file": "@angular_router.js",
      "fileHash": "3c941216",
      "needsInterop": false
    },
    "@angular/forms": {
      "src": "../../../../../../node_modules/@angular/forms/fesm2022/forms.mjs",
      "file": "@angular_forms.js",
      "fileHash": "af1206ce",
      "needsInterop": false
    }
  },
  "chunks": {
    "chunk-JRI7OE7H": {
      "file": "chunk-JRI7OE7H.js"
    },
    "chunk-FAHFZITR": {
      "file": "chunk-FAHFZITR.js"
    },
    "chunk-F5BRNNIR": {
      "file": "chunk-F5BRNNIR.js"
    }
  }
}