{
  "hash": "7d14ce55",
  "configHash": "f1bcb9aa",
  "lockfileHash": "6eae8d0f",
  "browserHash": "bdcec969",
  "optimized": {
    "@angular/core": {
      "src": "../../../../../../node_modules/@angular/core/fesm2022/core.mjs",
      "file": "@angular_core.js",
      "fileHash": "8ee09ae2",
      "needsInterop": false
    },
    "@angular/platform-browser": {
      "src": "../../../../../../node_modules/@angular/platform-browser/fesm2022/platform-browser.mjs",
      "file": "@angular_platform-browser.js",
      "fileHash": "9fe369b8",
      "needsInterop": false
    },
    "@angular/router": {
      "src": "../../../../../../node_modules/@angular/router/fesm2022/router.mjs",
      "file": "@angular_router.js",
      "fileHash": "9e1dc0e4",
      "needsInterop": false
    },
    "@angular/common/http": {
      "src": "../../../../../../node_modules/@angular/common/fesm2022/http.mjs",
      "file": "@angular_common_http.js",
      "fileHash": "d61ed2ff",
      "needsInterop": false
    },
    "@angular/forms": {
      "src": "../../../../../../node_modules/@angular/forms/fesm2022/forms.mjs",
      "file": "@angular_forms.js",
      "fileHash": "c98d30f6",
      "needsInterop": false
    }
  },
  "chunks": {
    "chunk-PYSYESPK": {
      "file": "chunk-PYSYESPK.js"
    },
    "chunk-Y2IQE633": {
      "file": "chunk-Y2IQE633.js"
    },
    "chunk-4VV52Y6D": {
      "file": "chunk-4VV52Y6D.js"
    },
    "chunk-KCPRO6DA": {
      "file": "chunk-KCPRO6DA.js"
    }
  }
}