{
  "hash": "a0b64f66",
  "configHash": "0a2f2913",
  "lockfileHash": "1f160202",
  "browserHash": "a89e09d3",
  "optimized": {
    "@angular/common": {
      "src": "../../../../../../node_modules/@angular/common/fesm2022/common.mjs",
      "file": "@angular_common.js",
      "fileHash": "a2bc0f9d",
      "needsInterop": false
    },
    "@angular/common/http": {
      "src": "../../../../../../node_modules/@angular/common/fesm2022/http.mjs",
      "file": "@angular_common_http.js",
      "fileHash": "79d3c3aa",
      "needsInterop": false
    },
    "@angular/core": {
      "src": "../../../../../../node_modules/@angular/core/fesm2022/core.mjs",
      "file": "@angular_core.js",
      "fileHash": "5dcd2495",
      "needsInterop": false
    },
    "@angular/forms": {
      "src": "../../../../../../node_modules/@angular/forms/fesm2022/forms.mjs",
      "file": "@angular_forms.js",
      "fileHash": "aab13528",
      "needsInterop": false
    },
    "@angular/platform-browser": {
      "src": "../../../../../../node_modules/@angular/platform-browser/fesm2022/platform-browser.mjs",
      "file": "@angular_platform-browser.js",
      "fileHash": "a3e566d4",
      "needsInterop": false
    },
    "@angular/router": {
      "src": "../../../../../../node_modules/@angular/router/fesm2022/router.mjs",
      "file": "@angular_router.js",
      "fileHash": "ac720038",
      "needsInterop": false
    },
    "rxjs": {
      "src": "../../../../../../node_modules/rxjs/dist/esm5/index.js",
      "file": "rxjs.js",
      "fileHash": "b8eefe48",
      "needsInterop": false
    }
  },
  "chunks": {
    "chunk-XGLDCAFN": {
      "file": "chunk-XGLDCAFN.js"
    },
    "chunk-WAUSTHD2": {
      "file": "chunk-WAUSTHD2.js"
    },
    "chunk-VI6UCHZR": {
      "file": "chunk-VI6UCHZR.js"
    },
    "chunk-N2ET5CR3": {
      "file": "chunk-N2ET5CR3.js"
    },
    "chunk-LZZO2QZE": {
      "file": "chunk-LZZO2QZE.js"
    }
  }
}