{
  "hash": "091dbbf5",
  "configHash": "db97406f",
  "lockfileHash": "5f8cef3a",
  "browserHash": "28b805e6",
  "optimized": {
    "@angular/core": {
      "src": "../../../../../../node_modules/@angular/core/fesm2022/core.mjs",
      "file": "@angular_core.js",
      "fileHash": "3866b59e",
      "needsInterop": false
    },
    "@angular/platform-browser": {
      "src": "../../../../../../node_modules/@angular/platform-browser/fesm2022/platform-browser.mjs",
      "file": "@angular_platform-browser.js",
      "fileHash": "f6b33203",
      "needsInterop": false
    },
    "@angular/router": {
      "src": "../../../../../../node_modules/@angular/router/fesm2022/router.mjs",
      "file": "@angular_router.js",
      "fileHash": "6434ae91",
      "needsInterop": false
    }
  },
  "chunks": {
    "chunk-HFHG6J4W": {
      "file": "chunk-HFHG6J4W.js"
    },
    "chunk-Q43E34LM": {
      "file": "chunk-Q43E34LM.js"
    }
  }
}