{
  "hash": "fc4bd463",
  "configHash": "e6e56f37",
  "lockfileHash": "509f62c4",
  "browserHash": "2f344d1c",
  "optimized": {
    "@angular/core": {
      "src": "../../../../../../node_modules/@angular/core/fesm2022/core.mjs",
      "file": "@angular_core.js",
      "fileHash": "11f6aec1",
      "needsInterop": false
    },
    "@angular/forms": {
      "src": "../../../../../../node_modules/@angular/forms/fesm2022/forms.mjs",
      "file": "@angular_forms.js",
      "fileHash": "d8918176",
      "needsInterop": false
    },
    "@angular/platform-browser": {
      "src": "../../../../../../node_modules/@angular/platform-browser/fesm2022/platform-browser.mjs",
      "file": "@angular_platform-browser.js",
      "fileHash": "784aa103",
      "needsInterop": false
    },
    "@angular/platform-server": {
      "src": "../../../../../../node_modules/@angular/platform-server/fesm2022/platform-server.mjs",
      "file": "@angular_platform-server.js",
      "fileHash": "dcc39763",
      "needsInterop": false
    },
    "@angular/router": {
      "src": "../../../../../../node_modules/@angular/router/fesm2022/router.mjs",
      "file": "@angular_router.js",
      "fileHash": "7340d62d",
      "needsInterop": false
    },
    "express": {
      "src": "../../../../../../node_modules/express/index.js",
      "file": "express.js",
      "fileHash": "828e4354",
      "needsInterop": true
    }
  },
  "chunks": {
    "chunk-TGVWAYDP": {
      "file": "chunk-TGVWAYDP.js"
    },
    "chunk-PJE7MPHB": {
      "file": "chunk-PJE7MPHB.js"
    },
    "chunk-MX7BOMK2": {
      "file": "chunk-MX7BOMK2.js"
    },
    "xhr2-V6AUKWKL": {
      "file": "xhr2-V6AUKWKL.js"
    },
    "chunk-NQ4HTGF6": {
      "file": "chunk-NQ4HTGF6.js"
    }
  }
}