{
  "hash": "9ebf4ccc",
  "configHash": "e0350339",
  "lockfileHash": "75e5ee30",
  "browserHash": "1bfeb08a",
  "optimized": {
    "@angular/common": {
      "src": "../../../../../../node_modules/@angular/common/fesm2022/common.mjs",
      "file": "@angular_common.js",
      "fileHash": "37a043f5",
      "needsInterop": false
    },
    "@angular/core": {
      "src": "../../../../../../node_modules/@angular/core/fesm2022/core.mjs",
      "file": "@angular_core.js",
      "fileHash": "e0da271c",
      "needsInterop": false
    },
    "@angular/platform-browser": {
      "src": "../../../../../../node_modules/@angular/platform-browser/fesm2022/platform-browser.mjs",
      "file": "@angular_platform-browser.js",
      "fileHash": "da7a64d8",
      "needsInterop": false
    },
    "@angular/router": {
      "src": "../../../../../../node_modules/@angular/router/fesm2022/router.mjs",
      "file": "@angular_router.js",
      "fileHash": "1958a71c",
      "needsInterop": false
    }
  },
  "chunks": {
    "chunk-ONJWSGLI": {
      "file": "chunk-ONJWSGLI.js"
    },
    "chunk-JACE3NED": {
      "file": "chunk-JACE3NED.js"
    },
    "chunk-PWALWDUF": {
      "file": "chunk-PWALWDUF.js"
    }
  }
}