{
  "Routes": [
    {
      "DownstreamPathTemplate": "/api/expenses/user/{userId}",
      "DownstreamScheme": "http",
      "DownstreamHostAndPorts": [
        {
          "Host": "expense-budget-service",
          "Port": 5002
        }
      ],
      "UpstreamPathTemplate": "/api/expenses/user/{userId}",
      "UpstreamHttpMethod": [ "Get" ]
    },
    {
      "DownstreamPathTemplate": "/api/budgets/user/{userId}",
      "DownstreamScheme": "http",
      "DownstreamHostAndPorts": [
        {
          "Host": "expense-budget-service",
          "Port": 5002
        }
      ],
      "UpstreamPathTemplate": "/api/budgets/user/{userId}",
      "UpstreamHttpMethod": [ "Get" ]
    },
    {
      "DownstreamPathTemplate": "/api/income/user/{userId}",
      "DownstreamScheme": "http",
      "DownstreamHostAndPorts": [
        {
          "Host": "income-service",
          "Port": 5001
        }
      ],
      "UpstreamPathTemplate": "/api/income/user/{userId}",
      "UpstreamHttpMethod": [ "Get" ]
    }
  ],
  "GlobalConfiguration": {
    "BaseUrl": "http://gateway"
  }
}
