{
  "hash": "ab6dd69a",
  "configHash": "68474810",
  "lockfileHash": "509f62c4",
  "browserHash": "63fc0ed3",
  "optimized": {
    "@angular/core": {
      "src": "../../../../../../node_modules/@angular/core/fesm2022/core.mjs",
      "file": "@angular_core.js",
      "fileHash": "9184f151",
      "needsInterop": false
    },
    "@angular/forms": {
      "src": "../../../../../../node_modules/@angular/forms/fesm2022/forms.mjs",
      "file": "@angular_forms.js",
      "fileHash": "8869b868",
      "needsInterop": false
    },
    "@angular/platform-browser": {
      "src": "../../../../../../node_modules/@angular/platform-browser/fesm2022/platform-browser.mjs",
      "file": "@angular_platform-browser.js",
      "fileHash": "8967db90",
      "needsInterop": false
    },
    "@angular/router": {
      "src": "../../../../../../node_modules/@angular/router/fesm2022/router.mjs",
      "file": "@angular_router.js",
      "fileHash": "bb0b6fa8",
      "needsInterop": false
    },
    "express": {
      "src": "../../../../../../node_modules/express/index.js",
      "file": "express.js",
      "fileHash": "148a95c7",
      "needsInterop": true
    }
  },
  "chunks": {
    "chunk-ERWTCGHV": {
      "file": "chunk-ERWTCGHV.js"
    },
    "chunk-M5U6Q3QF": {
      "file": "chunk-M5U6Q3QF.js"
    },
    "chunk-SIERMTV5": {
      "file": "chunk-SIERMTV5.js"
    },
    "chunk-EIB7IA3J": {
      "file": "chunk-EIB7IA3J.js"
    }
  }
}