{
  "hash": "c53ccb2f",
  "configHash": "e7854033",
  "lockfileHash": "dd8d9e53",
  "browserHash": "96ec8845",
  "optimized": {
    "@angular/core": {
      "src": "../../../../../../node_modules/@angular/core/fesm2022/core.mjs",
      "file": "@angular_core.js",
      "fileHash": "f3fb87f0",
      "needsInterop": false
    },
    "@angular/platform-browser": {
      "src": "../../../../../../node_modules/@angular/platform-browser/fesm2022/platform-browser.mjs",
      "file": "@angular_platform-browser.js",
      "fileHash": "57704f2a",
      "needsInterop": false
    },
    "@angular/router": {
      "src": "../../../../../../node_modules/@angular/router/fesm2022/router.mjs",
      "file": "@angular_router.js",
      "fileHash": "575f4ddd",
      "needsInterop": false
    },
    "@angular/common": {
      "src": "../../../../../../node_modules/@angular/common/fesm2022/common.mjs",
      "file": "@angular_common.js",
      "fileHash": "6cf772e8",
      "needsInterop": false
    }
  },
  "chunks": {
    "chunk-IOFYIAJF": {
      "file": "chunk-IOFYIAJF.js"
    },
    "chunk-TQR3GDWE": {
      "file": "chunk-TQR3GDWE.js"
    },
    "chunk-HCNZ5MW6": {
      "file": "chunk-HCNZ5MW6.js"
    }
  }
}