{
  "hash": "758d51e9",
  "configHash": "ffcac1b1",
  "lockfileHash": "d85f71d6",
  "browserHash": "ed7f61c9",
  "optimized": {
    "@angular/core": {
      "src": "../../../../../../node_modules/@angular/core/fesm2022/core.mjs",
      "file": "@angular_core.js",
      "fileHash": "c763acf6",
      "needsInterop": false
    },
    "@angular/platform-browser": {
      "src": "../../../../../../node_modules/@angular/platform-browser/fesm2022/platform-browser.mjs",
      "file": "@angular_platform-browser.js",
      "fileHash": "cfadc8a6",
      "needsInterop": false
    },
    "@angular/router": {
      "src": "../../../../../../node_modules/@angular/router/fesm2022/router.mjs",
      "file": "@angular_router.js",
      "fileHash": "0b212aad",
      "needsInterop": false
    }
  },
  "chunks": {
    "chunk-EK6OQREH": {
      "file": "chunk-EK6OQREH.js"
    },
    "chunk-HCNZ5MW6": {
      "file": "chunk-HCNZ5MW6.js"
    }
  }
}